{
    "faces":[35,63,57,59,61,0,0,1,1,1,34,64,69,80,0,2,2,2,34,62,65,67,0,2,2,2,34,64,67,69,0,2,2,2,34,64,62,67,0,2,2,2,34,71,3,60,0,3,3,3,34,76,78,3,0,3,4,3,34,72,74,76,0,3,3,3,34,71,72,3,0,3,3,3,34,72,76,3,0,3,3,3,34,62,82,65,0,2,2,2,34,80,69,82,0,2,2,2,34,62,79,82,0,2,2,2,34,79,80,82,0,2,2,2,35,86,68,66,84,0,5,5,5,5,34,70,98,101,0,4,3,3,34,94,96,98,0,3,3,3,34,90,92,94,0,3,3,3,34,5,87,88,0,3,3,3,34,90,94,98,0,3,3,3,34,5,88,90,0,3,3,3,34,70,5,98,0,4,3,3,34,5,90,98,0,3,3,3,34,104,112,114,0,3,3,3,34,74,72,112,0,3,3,3,34,106,108,110,0,3,3,3,34,110,74,112,0,3,3,3,34,104,106,112,0,3,3,3,34,106,110,112,0,3,3,3,34,77,118,120,0,6,7,6,34,115,102,118,0,7,7,7,34,77,75,115,0,6,7,7,34,77,115,118,0,6,7,7,35,81,13,12,121,0,5,5,5,5,34,119,7,33,0,8,8,8,34,58,0,7,0,8,8,8,34,122,124,58,0,8,9,8,34,119,122,7,0,8,8,8,34,122,58,7,0,8,8,8,35,116,83,6,103,0,1,1,0,1,34,4,15,117,0,9,9,8,34,125,127,135,0,8,8,8,34,4,117,135,0,9,8,8,34,133,85,4,0,8,8,9,34,127,129,131,0,8,8,8,34,133,4,135,0,8,9,8,34,127,131,135,0,8,8,8,34,131,133,135,0,8,8,8,35,128,95,93,130,0,5,10,5,5,34,97,138,142,0,7,6,6,34,35,105,138,0,7,6,6,34,97,21,138,0,7,7,6,34,21,35,138,0,7,7,6,35,22,126,136,99,0,1,1,1,1,35,144,32,24,100,0,5,5,5,5,34,104,114,146,0,3,3,3,35,109,107,143,148,0,5,5,10,5,34,149,111,27,0,2,2,11,34,23,137,111,0,2,2,2,34,149,145,23,0,2,2,2,34,149,23,111,0,2,2,2,35,39,31,11,28,0,5,5,10,5,34,40,41,43,0,8,8,8,34,122,119,41,0,8,8,8,34,139,150,152,0,9,8,8,34,152,122,41,0,8,8,8,34,40,139,41,0,8,9,8,34,139,152,41,0,9,8,8,34,35,26,105,0,7,7,6,34,97,142,26,0,7,6,7,34,35,34,26,0,7,7,7,34,34,97,26,0,7,7,7,35,154,140,25,147,0,1,1,1,1,34,156,141,155,0,7,12,7,34,48,45,157,0,13,12,13,34,73,17,134,0,7,7,7,34,123,89,16,0,7,7,7,34,73,9,17,0,7,7,7,34,8,123,16,0,6,7,7,34,9,16,17,0,7,7,7,34,9,8,16,0,7,6,7,35,14,153,91,18,0,1,0,1,1,34,44,20,19,0,2,2,2,34,113,132,36,0,2,2,2,34,44,151,20,0,2,2,2,34,30,113,36,0,2,2,2,34,151,36,20,0,2,2,2,34,151,30,36,0,2,2,2,35,38,37,29,10,0,1,1,1,0,34,46,151,47,0,2,2,2,34,42,30,151,0,2,2,2,34,46,42,151,0,2,2,2,35,2,1,8,9,0,7,7,6,7,35,168,166,172,170,1,5,5,5,5,35,160,158,164,162,1,1,1,1,1,35,165,159,171,173,1,7,7,7,7,35,49,161,169,53,1,8,8,8,8,35,50,163,167,54,1,2,2,2,2,35,51,52,56,55,1,3,3,3,3],
    "materials":[{
        "DbgIndex":0,
        "blending":"NormalBlending",
        "colorDiffuse":[0.24399,0.127169,0.026484],
        "DbgColor":15658734,
        "colorEmissive":[0,0,0],
        "colorSpecular":[0.5,0.5,0.5],
        "transparent":false,
        "opacity":1,
        "wireframe":false,
        "visible":true,
        "specularCoef":50,
        "DbgName":"Wood",
        "depthTest":true,
        "shading":"phong",
        "depthWrite":true
    },{
        "DbgIndex":1,
        "blending":"NormalBlending",
        "colorDiffuse":[0.30101,0.196961,0.072673],
        "DbgColor":15597568,
        "colorEmissive":[0,0,0],
        "colorSpecular":[0.5,0.5,0.5],
        "transparent":false,
        "opacity":1,
        "wireframe":false,
        "visible":true,
        "specularCoef":50,
        "DbgName":"Cardboard",
        "depthTest":true,
        "shading":"phong",
        "depthWrite":true
    }],
    "normals":[0,-0.999969,0,0,-1,0,0,0,-1,-1,0,0,-0.999969,0,0,0,1,0,0,0,0.999969,0,0,1,1,0,0,0.999969,0,0,0,0.999969,0,0,0,-0.999969,0.706992,0.015687,0.706992,0.07477,0.997192,0],
    "metadata":{
        "version":3,
        "materials":2,
        "normals":14,
        "faces":99,
        "type":"Geometry",
        "generator":"io_three",
        "vertices":174
    },
    "vertices":[0.45,0.01,-0.45,0.45,0.01,-0.15,-0.45,0.01,-0.15,-0.45,0.01,-0.45,-0.15,0.07,-0.45,0.15,0.07,-0.45,0.15,0.13,-0.45,0.45,0.19,-0.45,0.45,0.01,-0.15,-0.45,0.01,-0.15,-0.45,0.07,-0.15,-0.45,0.13,-0.15,-0.45,0.19,-0.15,-0.45,0.19,-0.45,0.45,0.07,-0.15,-0.15,0.13,-0.45,0.15,0.07,-0.15,-0.15,0.07,-0.15,0.15,0.07,-0.15,0.15,0.07,0.15,0.15,0.07,0.15,0.15,0.07,0.45,0.15,0.13,0.45,0.15,0.13,0.15,0.15,0.13,-0.15,-0.45,0.01,0.45,-0.45,0.19,0.45,-0.45,0.19,0.15,-0.45,0.13,0.15,-0.45,0.07,0.15,-0.45,0.01,0.15,-0.15,0.13,-0.15,0.45,0.13,-0.15,0.45,0.19,-0.15,-0.15,0.13,0.45,-0.15,0.07,0.45,-0.15,0.07,0.15,-0.15,0.07,0.15,-0.15,0.07,-0.15,-0.15,0.13,0.15,0.45,0.19,0.45,0.45,0.13,0.15,-0.45,0.01,0.15,0.45,0.19,0.15,0.45,0.07,0.15,0.45,0.01,0.45,0.45,0.01,0.15,0.45,0.01,0.15,0.45,0.01,0.15,0.36,0.189975,0.36,0.36,0.189975,-0.36,-0.36,0.189975,-0.36,-0.36,0.189975,0.36,0.36,0.819975,0.36,0.36,0.819975,-0.36,-0.36,0.819975,-0.36,-0.36,0.819975,0.36,0.45,0.01,-0.15,0.45,0.01,-0.15,-0.45,0.01,-0.15,-0.45,0.01,-0.15,-0.45,0.01,-0.45,-0.45,0.01,-0.45,0.45,0.01,-0.45,0.45,0.01,-0.45,-0.15,0.07,-0.45,-0.15,0.07,-0.45,0.15,0.07,-0.45,0.15,0.07,-0.45,0.15,0.13,-0.45,0.15,0.13,-0.45,-0.45,0.01,-0.15,-0.45,0.07,-0.15,-0.45,0.07,-0.15,-0.45,0.13,-0.15,-0.45,0.13,-0.15,-0.45,0.19,-0.15,-0.45,0.19,-0.15,-0.45,0.19,-0.45,-0.45,0.19,-0.45,0.45,0.19,-0.45,0.45,0.19,-0.45,-0.15,0.13,-0.45,-0.15,0.13,-0.45,-0.15,0.07,-0.15,-0.15,0.07,-0.15,0.15,0.07,-0.15,0.15,0.07,-0.15,0.15,0.07,-0.15,0.15,0.07,-0.15,0.15,0.07,0.15,0.15,0.07,0.15,0.15,0.07,0.15,0.15,0.07,0.15,0.15,0.07,0.45,0.15,0.07,0.45,0.15,0.13,0.45,0.15,0.13,0.45,0.15,0.13,0.15,0.15,0.13,0.15,0.15,0.13,0.15,0.15,0.13,-0.15,0.15,0.13,-0.15,0.15,0.13,-0.15,-0.45,0.01,0.45,-0.45,0.01,0.45,-0.45,0.19,0.45,-0.45,0.19,0.45,-0.45,0.19,0.15,-0.45,0.19,0.15,-0.45,0.13,0.15,-0.45,0.13,0.15,-0.45,0.07,0.15,-0.45,0.07,0.15,-0.45,0.01,0.15,-0.15,0.13,-0.15,-0.15,0.13,-0.15,-0.15,0.13,-0.15,0.45,0.13,-0.15,0.45,0.13,-0.15,0.45,0.19,-0.15,0.45,0.19,-0.15,0.45,0.07,-0.15,0.45,0.07,-0.15,0.45,0.01,-0.15,-0.15,0.13,0.45,-0.15,0.13,0.45,-0.15,0.07,0.45,-0.15,0.07,0.45,-0.15,0.07,0.15,-0.15,0.07,0.15,-0.15,0.07,0.15,-0.15,0.07,0.15,-0.15,0.07,-0.15,-0.15,0.07,-0.15,-0.15,0.13,0.15,-0.15,0.13,0.15,-0.15,0.13,0.15,0.45,0.01,0.45,0.45,0.01,0.45,0.45,0.01,0.45,0.45,0.01,0.45,0.45,0.19,0.45,0.45,0.19,0.45,0.45,0.13,0.15,0.45,0.13,0.15,-0.45,0.01,0.15,-0.45,0.01,0.15,0.45,0.19,0.15,0.45,0.19,0.15,0.45,0.01,0.15,0.45,0.01,0.15,0.45,0.07,0.15,0.45,0.07,0.15,0.45,0.01,0.15,0.45,0.01,0.15,0.45,0.01,0.15,0.45,0.01,0.15,0.36,0.189975,0.36,0.36,0.189975,0.36,0.36,0.189975,-0.36,0.36,0.189975,-0.36,-0.36,0.189975,-0.36,-0.36,0.189975,-0.36,-0.36,0.189975,0.36,-0.36,0.189975,0.36,-0.36,0.819975,-0.36,-0.36,0.819975,-0.36,0.36,0.819975,-0.36,0.36,0.819975,-0.36,0.36,0.819975,0.36,0.36,0.819975,0.36,-0.36,0.819975,0.36,-0.36,0.819975,0.36]
}