{
    "faces":[35,62,56,58,60,0,0,0,0,0,35,64,63,61,70,0,1,1,1,1,35,57,66,68,59,0,2,2,2,2,35,131,88,153,151,0,3,3,3,3,35,74,65,71,72,0,4,4,4,4,35,67,76,82,69,0,5,5,5,5,35,87,130,45,46,0,3,3,3,3,35,89,75,73,91,0,1,1,1,1,35,77,97,99,83,0,2,2,2,2,35,78,102,116,80,0,6,6,6,6,35,104,90,92,106,0,4,4,4,4,35,98,108,110,100,0,5,5,5,5,35,95,93,160,162,0,7,7,7,7,35,112,105,107,114,0,1,1,1,1,34,0,6,1,0,8,8,8,34,14,10,6,0,8,8,8,34,119,109,14,0,8,8,8,34,94,123,119,0,8,8,8,34,101,79,94,0,8,8,8,34,126,129,101,0,8,8,8,34,12,16,113,0,8,8,8,34,113,126,101,0,8,8,8,34,101,94,119,0,8,8,8,34,119,14,6,0,8,8,8,34,0,4,6,0,8,8,8,34,4,8,12,0,8,8,8,34,12,113,101,0,8,8,8,34,101,119,6,0,8,8,8,34,4,12,6,0,8,8,8,34,12,101,6,0,8,8,8,35,18,120,121,111,0,2,2,2,2,35,124,36,43,127,0,6,6,6,6,35,125,20,115,85,0,4,4,4,4,35,118,103,44,47,0,3,3,3,3,35,22,26,128,122,0,5,5,5,5,34,2,5,3,0,9,9,9,34,13,9,5,0,9,9,9,34,21,17,13,0,9,9,9,34,86,84,21,0,9,9,9,34,81,117,86,0,9,9,9,34,27,96,81,0,9,9,9,34,15,19,23,0,9,9,9,34,23,27,81,0,9,9,9,34,81,86,21,0,9,9,9,34,21,13,5,0,9,9,9,34,2,7,5,0,9,9,9,34,7,11,15,0,9,9,9,34,15,23,81,0,9,9,9,34,81,21,5,0,9,9,9,34,7,15,5,0,9,9,9,34,15,81,5,0,9,9,9,35,39,24,25,40,0,6,6,6,6,35,132,134,136,138,0,6,6,6,6,35,140,142,135,133,0,7,7,7,7,35,141,28,139,144,0,9,9,9,9,35,31,137,146,145,0,3,3,3,3,35,29,143,147,30,0,8,8,8,8,35,34,35,33,32,0,0,0,0,0,35,148,150,152,154,0,6,6,6,6,35,41,38,149,155,0,7,7,7,7,35,101,129,49,48,0,8,8,8,8,35,86,117,51,50,0,9,9,9,9,35,161,156,158,163,0,6,6,6,6,35,94,79,157,54,0,8,8,8,8,35,37,42,159,52,0,3,3,3,3,35,81,96,55,53,0,9,9,9,9],
    "metadata":{
        "version":3,
        "materials":1,
        "faces":66,
        "vertices":164,
        "type":"Geometry",
        "normals":10,
        "generator":"io_three"
    },
    "normals":[-1,0,0,0.14832,0,0.988922,0.14832,0,-0.988922,0,0,1,-0.14832,0,0.988922,-0.14832,0,-0.988922,1,0,0,0,0,-1,0,1,0,0,-1,0],
    "materials":[{
        "DbgName":"Red",
        "opacity":1,
        "depthWrite":true,
        "colorEmissive":[0,0,0],
        "transparent":false,
        "specularCoef":50,
        "colorDiffuse":[0.336019,0.010376,0.013053],
        "shading":"phong",
        "visible":true,
        "blending":"NormalBlending",
        "colorSpecular":[0.5,0.5,0.5],
        "DbgColor":15658734,
        "depthTest":true,
        "DbgIndex":0,
        "wireframe":false
    }],
    "vertices":[-4,4,2,-4,4,-2,-4,1e-06,-2,-4,1e-06,2,-2.66667,4,1.8,-2.66667,1e-06,1.8,-2.66667,4,-1.8,-2.66667,1e-06,-1.8,-1.33333,4,2,-1.33333,1e-06,2,-1.33333,4,-2,-1.33333,1e-06,-2,-0,4,1.8,0,1e-06,1.8,0,4,-1.8,-0,1e-06,-1.8,1.33333,4,2,1.33333,1e-06,2,1.33333,4,-2,1.33333,1e-06,-2,2.66667,4,1.8,2.66667,1e-06,1.8,2.66667,4,-1.8,2.66667,1e-06,-1.8,4,4,2,4,1e-06,2,4,4,-2,4,1e-06,-2,-3.6,3.6,1.6,-3.6,0.400002,1.6,-3.6,0.400001,-1.6,-3.6,3.6,-1.6,3.6,3.6,1.6,3.6,0.400002,1.6,3.6,3.6,-1.6,3.6,0.400001,-1.6,4,4,-0.88,4,4,-0.72,4,4,0.72,4,4,0.88,4,1e-06,0.88,4,1e-06,0.72,4,1e-06,-0.72,4,1e-06,-0.88,4,4,0.72,4,4,0.88,4,1e-06,0.88,4,1e-06,0.72,4.2,4,0.72,4.2,4,0.88,4.2,1e-06,0.88,4.2,1e-06,0.72,4.2,4,-0.72,4.2,1e-06,-0.72,4.2,4,-0.88,4.2,1e-06,-0.88,-4,4,-2,-4,4,-2,-4,1e-06,-2,-4,1e-06,-2,-4,1e-06,2,-4,1e-06,2,-4,4,2,-4,4,2,-2.66667,4,1.8,-2.66667,4,1.8,-2.66667,4,-1.8,-2.66667,4,-1.8,-2.66667,1e-06,-1.8,-2.66667,1e-06,-1.8,-2.66667,1e-06,1.8,-2.66667,1e-06,1.8,-1.33333,1e-06,2,-1.33333,1e-06,2,-1.33333,4,2,-1.33333,4,2,-1.33333,4,-2,-1.33333,4,-2,4,4,-0.72,4,4,-0.72,4,1e-06,-0.72,4,1e-06,-0.72,-1.33333,1e-06,-2,-1.33333,1e-06,-2,4,1e-06,2,4,1e-06,2,4,1e-06,0.88,4,1e-06,0.88,4,1e-06,0.88,-0,4,1.8,-0,4,1.8,0,1e-06,1.8,0,1e-06,1.8,4,4,-0.88,4,4,-0.88,4,1e-06,-0.88,4,1e-06,-0.88,0,4,-1.8,0,4,-1.8,-0,1e-06,-1.8,-0,1e-06,-1.8,4,4,0.72,4,4,0.72,4,4,0.72,1.33333,4,2,1.33333,4,2,1.33333,1e-06,2,1.33333,1e-06,2,1.33333,4,-2,1.33333,4,-2,1.33333,1e-06,-2,1.33333,1e-06,-2,2.66667,4,1.8,2.66667,4,1.8,2.66667,1e-06,1.8,2.66667,1e-06,1.8,4,1e-06,0.72,4,1e-06,0.72,4,1e-06,0.72,2.66667,4,-1.8,2.66667,4,-1.8,2.66667,1e-06,-1.8,2.66667,1e-06,-1.8,4,4,-2,4,4,-2,4,4,2,4,4,2,4,1e-06,-2,4,1e-06,-2,4,4,0.88,4,4,0.88,4,4,0.88,-3.6,3.6,1.6,-3.6,3.6,1.6,-3.6,0.400002,1.6,-3.6,0.400002,1.6,-3.6,0.400001,-1.6,-3.6,0.400001,-1.6,-3.6,3.6,-1.6,-3.6,3.6,-1.6,3.6,3.6,1.6,3.6,3.6,1.6,3.6,0.400002,1.6,3.6,0.400002,1.6,3.6,3.6,-1.6,3.6,3.6,-1.6,3.6,0.400001,-1.6,3.6,0.400001,-1.6,4.2,4,0.72,4.2,4,0.72,4.2,4,0.88,4.2,4,0.88,4.2,1e-06,0.88,4.2,1e-06,0.88,4.2,1e-06,0.72,4.2,1e-06,0.72,4.2,4,-0.72,4.2,4,-0.72,4.2,1e-06,-0.72,4.2,1e-06,-0.72,4.2,4,-0.88,4.2,4,-0.88,4.2,1e-06,-0.88,4.2,1e-06,-0.88]
}